{"stats":{"minecraft:killed_by":{"minecraft:ender_dragon":1},"minecraft:custom":{"minecraft:jump":27,"minecraft:time_since_rest":2682,"minecraft:leave_game":1,"minecraft:crouch_one_cm":5,"minecraft:damage_dealt":47,"minecraft:sprint_one_cm":1051,"minecraft:deaths":2,"minecraft:play_time":4829,"minecraft:damage_taken":180,"minecraft:time_since_death":2682,"minecraft:walk_one_cm":5339,"minecraft:sneak_time":21,"minecraft:climb_one_cm":104,"minecraft:total_world_time":4829,"minecraft:fall_one_cm":209,"minecraft:fly_one_cm":22126},"minecraft:used":{"sophisticatedbackpacks:backpack":1}},"DataVersion":3120}