{"stats":{"minecraft:used":{"sophisticatedbackpacks:backpack":1},"minecraft:killed_by":{"minecraft:ender_dragon":1},"minecraft:custom":{"minecraft:jump":53,"minecraft:time_since_rest":5452,"minecraft:damage_dealt":74,"minecraft:damage_taken":750,"minecraft:leave_game":2,"minecraft:crouch_one_cm":5,"minecraft:time_since_death":5426,"minecraft:play_time":10470,"minecraft:sprint_one_cm":4738,"minecraft:walk_one_cm":10670,"minecraft:deaths":3,"minecraft:sneak_time":21,"minecraft:total_world_time":10470,"minecraft:climb_one_cm":104,"minecraft:fall_one_cm":543,"minecraft:fly_one_cm":184321}},"DataVersion":3120}