[
  {
    "world": "world",
    "coords": {
      "x": 600,
      "y": 65,
      "z": 1
    }
  },
  {
    "world": "flatworld",
    "coords": {
      "x": 68,
      "y": 69,
      "z": -56
    }
  },
  {
    "world": "world_nether",
    "coords": {
      "x": -1095,
      "y": 73,
      "z": -612
    }
  },
  {
    "world": "world_nether",
    "coords": {
      "x": -1095,
      "y": 80,
      "z": -652
    }
  },
  {
    "world": "world_nether",
    "coords": {
      "x": -1095,
      "y": 73,
      "z": -617
    }
  },
  {
    "world": "world_nether",
    "coords": {
      "x": -1095,
      "y": 73,
      "z": -616
    }
  }
]